{"cameraMode":{"drawMode":0,"name":"Shaded","section":"Shading Mode"},"sceneLighting":true,"audioPlay":false,"sceneViewState":{"m_AlwaysRefresh":false,"showFog":true,"showSkybox":true,"showFlares":true,"showImageEffects":true,"showParticleSystems":true,"showVisualEffectGraphs":true,"m_FxEnabled":false},"in2DMode":false,"pivot":{"x":-11.255142211914063,"y":-17.48501968383789,"z":14.092966079711914},"rotation":{"x":-0.01049536932259798,"y":-0.029993636533617975,"z":-0.0003146381350234151,"w":0.9994975924491882},"size":8.674556732177735,"orthographic":true}