{"cameraMode":{"drawMode":0,"name":"Shaded","section":"Shading Mode"},"sceneLighting":true,"audioPlay":false,"sceneViewState":{"m_AlwaysRefresh":false,"showFog":true,"showSkybox":true,"showFlares":true,"showImageEffects":true,"showParticleSystems":true,"showVisualEffectGraphs":true,"m_FxEnabled":false},"in2DMode":false,"pivot":{"x":-14.830910682678223,"y":-12.367266654968262,"z":1.9434967041015626},"rotation":{"x":0.1254066377878189,"y":0.05805986002087593,"z":-0.007287820801138878,"w":0.9903795719146729},"size":19.840585708618165,"orthographic":false}